<?xml version="1.0" encoding="UTF-8" standalone="yes"?>
<addon id="repository.fredsbuild" name="Freds Build Repository" version="1.0.0" provider-name="Freds Kodi">
   <extension point="xbmc.addon.repository" name="Freds Build Repository">
		<dir>
			<info compressed="false">https://raw.githubusercontent.com/FredsKodi/FredsBuild/main/addons.xml</info>
			<checksum>https://raw.githubusercontent.com/FredsKodi/FredsBuild/main/addons.xml.md5</checksum>
			<datadir zip="true">https://raw.githubusercontent.com/FredsKodi/FredsBuild/main/</datadir>
		</dir>
	</extension>
	<extension point="xbmc.addon.metadata">
    <summary lang="en">Freds Build</summary>
    <description lang="en">Freds build voor Kodi</description>
    <platform>all</platform>
  </extension>
</addon>